firstname,lastname,email,phone
Fawne,Lanita,Fawne.Lanita@yopmail.com,8144965587
Sonni,Erich,Sonni.Erich@yopmail.com,6088747484
Berta,Korey,Berta.Korey@yopmail.com,6817388312
Allis,Justinn,Allis.Justinn@yopmail.com,2162831144
Susan,Ralfston,Susan.Ralfston@yopmail.com,1849350056
Cissiee,Quent,Cissiee.Quent@yopmail.com,1920422168
Tiffie,Janene,Tiffie.Janene@yopmail.com,2412787288
Edee,Agle,Edee.Agle@yopmail.com,1313861533
Max,Gusella,Max.Gusella@yopmail.com,3559539040
Tobe,Sidonius,Tobe.Sidonius@yopmail.com,5001086992